ID,DATE,IN,OUT,LOCATION,DESCRIPTION
1,5/3/2022,9:00:00,17:00:00,Gulshan2,Test
1,5/4/2022,9:00:00,17:00:00,Gulshan3,Test
1,5/5/2022,9:00:00,17:00:00,Gulshan4,Test
1,5/6/2022,9:00:00,17:00:00,Gulshan5,Test
1,5/7/2022,9:00:00,17:00:00,Gulshan6,Test
1,5/8/2022,9:00:00,17:00:00,Gulshan7,Test
1,5/9/2022,9:00:00,17:00:00,Gulshan8,Test
1,5/10/2022,9:00:00,17:00:00,Gulshan9,Test
1,5/11/2022,9:00:00,17:00:00,Gulshan10,Test
1,5/12/2022,9:00:00,17:00:00,Gulshan11,Test
1,5/13/2022,9:00:00,17:00:00,Gulshan12,Test
1,5/14/2022,9:00:00,17:00:00,Gulshan13,Test
1,5/15/2022,9:00:00,17:00:00,Gulshan14,Test
1,5/16/2022,9:00:00,17:00:00,Gulshan15,Test
1,5/17/2022,9:00:00,17:00:00,Gulshan16,Test
1,5/18/2022,9:00:00,17:00:00,Gulshan17,Test
1,5/19/2022,9:00:00,17:00:00,Gulshan18,Test
1,5/20/2022,9:00:00,17:00:00,Gulshan19,Test
1,5/21/2022,9:00:00,17:00:00,Gulshan20,Test
2,6/1/2023,9:00:00,17:00:00,Gulshan21,Test
2,6/2/2023,9:00:00,17:00:00,Gulshan22,Test
2,6/3/2023,9:00:00,17:00:00,Gulshan23,Test
2,6/4/2023,9:00:00,17:00:00,Gulshan24,Test
2,6/5/2023,9:00:00,17:00:00,Gulshan25,Test
2,6/6/2023,9:00:00,17:00:00,Gulshan26,Test
2,6/7/2023,9:00:00,17:00:00,Gulshan27,Test
2,6/8/2023,9:00:00,17:00:00,Gulshan28,Test
2,6/9/2023,9:00:00,17:00:00,Gulshan29,Test
2,6/10/2023,9:00:00,17:00:00,Gulshan30,Test
2,6/11/2023,9:00:00,17:00:00,Gulshan31,Test
2,6/12/2023,9:00:00,17:00:00,Gulshan32,Test
